date,reward,log_return,portfolio_value,market_return,rate_of_return,weights_mean,weights_std,cost,weight_CASH,price_CASH,weight_CN000338.SZ,price_CN000338.SZ,weight_CN002027.SZ,price_CN002027.SZ,weight_CN002371.SZ,price_CN002371.SZ,weight_CN600009.SH,price_CN600009.SH,weight_CN600029.SH,price_CN600029.SH,weight_CN600183.SH,price_CN600183.SH,weight_CN600406.SH,price_CN600406.SH,weight_CN600900.SH,price_CN600900.SH,weight_CN601989.SH,price_CN601989.SH,weight_CN601998.SH,price_CN601998.SH,market_value,date,steps
2023-08-07,0.0,0.0,1.0,0.9908353198658336,0.0,0.09090909,0.2874798,0.0,1.0,1.0,0.0,0.9931716918945312,0.0,0.9825055599212646,0.0,0.9860565662384033,0.0,0.9931752681732178,0.0,1.0017635822296143,0.0,0.9840958118438721,0.0,0.9852838516235352,0.0,0.9911295175552368,0.0,0.992467999458313,0.0,0.9895386695861816,0.9908353198658336,1691366400.0,1
2023-08-08,-0.1240082545350889,-0.0021874472317867807,0.9978149432688952,0.9918882792646234,-0.0021850567311048064,0.09090909,0.029011048,0.002185056731104851,0.12597738,1.0,0.10511717,0.9931248426437378,0.07255819,1.0059353113174438,0.0942734,0.9785602688789368,0.07412535,0.9902632236480713,0.07255819,0.9823943972587585,0.16515765,1.0068382024765015,0.07255819,0.9800931215286255,0.07255819,0.997316837310791,0.07255819,0.9797874689102173,0.07255819,0.9964573979377747,0.9827979404563344,1691452800.0,2
2023-08-09,0.06147426819543557,0.010248925836272713,1.0080940606246007,1.010724046013572,0.010301626995112612,0.09090909,0.04414908,0.0012120669772140952,0.061449535,1.0,0.0580766,0.9992361068725586,0.0580766,0.9985288381576538,0.15786858,1.0635123252868652,0.0580766,1.019373893737793,0.15786858,1.0161290168762207,0.0580766,1.019137978553772,0.116485104,0.9963070154190063,0.15786858,1.0139079093933105,0.0580766,1.0077457427978516,0.0580766,0.9840856790542603,0.993337510791832,1691539200.0,3
2023-08-10,0.0751574481860979,0.0033396822845262056,1.0114664029755316,1.0091191313483499,0.0033452655686130317,0.09090909,0.04582327,0.0010827282686638805,0.05573794,1.0,0.15151143,1.088528037071228,0.15151143,0.9940910339355469,0.15151143,0.9940279126167297,0.05573794,1.0121984481811523,0.05573794,1.0229277610778809,0.05573794,0.9993930459022522,0.15151143,1.0050954818725586,0.05573794,0.9694671630859375,0.05573794,1.012784719467163,0.059526674,1.001796841621399,1.0023958860259856,1691625600.0,4
2023-08-11,0.093574696115091,0.004717590485988851,1.0162493608745513,1.005775050683455,0.0047287363030044105,0.0909091,0.036692962,0.001308308698523009,0.061829817,1.0,0.07025592,0.9964592456817627,0.07282494,1.005944013595581,0.13589539,1.0053224563598633,0.12333047,1.0061668157577515,0.16807088,1.0068964958190918,0.061829817,0.9860624074935913,0.062471244,1.0184439420700073,0.061829817,1.019168496131897,0.061829817,1.0100935697555542,0.119832,1.0089681148529053,1.0081847730726725,1691712000.0,5
2023-08-14,0.1073036528997302,0.016329575396698777,1.0329805176249616,1.0165785388513044,0.01646363323270572,0.09090909,0.0451947,0.001131717072012125,0.06865902,1.0,0.06865902,1.0021657943725586,0.06865902,1.0295450687408447,0.06865902,1.00986647605896,0.06865902,1.020890474319458,0.06865902,1.042808175086975,0.06865902,1.0528556108474731,0.07745872,1.0203696489334106,0.06865902,0.9959717392921448,0.18663457,1.015001654624939,0.18663457,0.9928892850875854,1.0248990035023513,1691971200.0,6
2023-08-15,0.07674401273997054,-0.003775735090804825,1.0290876103769542,1.004086283120242,-0.0037686163306913656,0.0909091,0.017763104,0.0009774590576598007,0.07277614,1.0,0.09722962,0.992806077003479,0.07277614,0.9985690116882324,0.11214898,1.0238689184188843,0.12572639,1.0212843418121338,0.10810127,1.006568193435669,0.07277614,1.0414509773254395,0.097790204,0.9982255697250366,0.07277614,1.0094419717788696,0.086446844,0.9975324869155884,0.08145222,0.9552015662193298,1.0290870310003157,1692057600.0,7
2023-08-16,0.06468062201347675,-0.001649400212609042,1.0273916319467522,0.9993953759020026,-0.0016480408597872032,0.09090909,0.043583773,0.0010538016804631787,0.060738552,1.0,0.060738552,1.0057997703552246,0.060738552,0.9942523241043091,0.15348963,0.9930179119110107,0.060738552,0.9941215515136719,0.060738552,1.0081565380096436,0.070515834,0.9859859347343445,0.060738552,1.0022231340408325,0.16510452,1.0053422451019287,0.08135422,0.9950777292251587,0.16510452,1.0093719959259033,1.0284648201824362,1692144000.0,8
2023-08-17,0.05668974732430877,-0.0012107773070572268,1.0261484421171443,1.000429386442358,-0.0012100447297319628,0.09090909,0.03682678,0.0014261781212834546,0.06390503,1.0,0.06390503,1.0129632949829102,0.14952153,1.002882719039917,0.09264237,0.9861329793930054,0.17371188,0.9967755675315857,0.10626899,0.9919094443321228,0.06390503,0.9903326630592346,0.09442516,1.0048761367797852,0.06390503,1.0039900541305542,0.06390503,1.007432460784912,0.06390503,1.0074279308319092,1.0289064290326646,1692230400.0,9
2023-08-18,0.04111438186931816,-0.004694451665820941,1.0213425267788663,0.9975592494010925,-0.004683450406417267,0.09090909,0.03842585,0.00121972382526556,0.05426973,1.0,0.14752044,1.0071120262145996,0.08832552,0.9971255660057068,0.05426973,0.9910873174667358,0.08769137,0.990024209022522,0.14752044,0.9967373609542847,0.14752044,0.9862232804298401,0.05426973,1.0004425048828125,0.058847856,1.0044137239456177,0.05426973,0.9852200150489807,0.105494976,1.014765739440918,1.0263951250497834,1692316800.0,10
2023-08-21,0.03927305561352613,0.0001315505320717696,1.0214768937826784,1.002647042274475,0.00013155919810348138,0.09090909,0.038882103,0.001473262193338516,0.060872033,1.0,0.060872033,0.9957643151283264,0.09599283,0.9942191243171692,0.060872033,1.0273381471633911,0.060872033,1.0149774551391602,0.08390524,0.9901800155639648,0.060872033,1.016879677772522,0.16546737,0.9960293173789978,0.1138702,0.9978027939796448,0.16546737,1.0050089359283447,0.07093689,0.9909176826477051,1.0291120363361053,1692576000.0,11
2023-08-22,0.03969980005967107,0.0011995272577268472,1.0227029184578629,1.002883878621188,0.0012002470957952482,0.09090909,0.044156816,0.0009477168888570735,0.08445266,1.0,0.16398972,1.0014227628707886,0.060328443,1.014528512954712,0.060328443,1.0066136121749878,0.060328443,1.0109997987747192,0.15838078,1.0016528367996216,0.060328443,1.0160259008407593,0.06721652,1.003542423248291,0.060328443,0.9793047904968262,0.16398972,1.004983901977539,0.060328443,0.9926481246948242,1.0320798705365022,1692662400.0,12
2023-08-23,0.03044997940254324,-0.0038734027181735065,1.0187492398441957,0.9973693219098178,-0.0038659111481063047,0.0909091,0.04033288,0.001290759607094639,0.108382,1.0,0.051420785,1.0049543380737305,0.1397762,0.9957130551338196,0.051420785,0.9907631874084473,0.051420785,0.9931000471115112,0.1397762,0.9917492270469666,0.1397762,0.9983120560646057,0.075409316,0.9982350468635559,0.1397762,1.0013481378555298,0.051420785,0.995040774345398,0.051420785,1.0018466711044312,1.0293648006337637,1692748800.0,13
2023-08-24,0.026299747400750573,-0.0017496994755667906,1.0169682931736204,0.9984244324944236,-0.0017481698154176994,0.0909091,0.039640304,0.0008767510790033602,0.18417658,1.0,0.067754775,0.9957733154296875,0.07935931,1.0028702020645142,0.069004335,1.0141210556030273,0.07887963,0.9957259297370911,0.067754775,1.0,0.16256174,0.9943563938140869,0.067754775,0.9951388239860535,0.067754775,1.0044910907745361,0.067754775,0.9875651597976685,0.08724458,0.9926267862319946,1.0277429669025009,1692835200.0,14
2023-08-25,0.02424804198427415,-0.0007074923174732139,1.016249050307739,1.0006247271190991,-0.0007072421733393952,0.09090909,0.03476396,0.0009381996177898844,0.12384533,1.0,0.056676425,1.0007061958312988,0.15406251,0.988521158695221,0.13110463,0.9887682795524597,0.056676425,0.9986573457717896,0.056676425,1.00332772731781,0.09178728,0.9971621632575989,0.11704365,1.0071070194244385,0.0987745,1.0089372396469116,0.056676425,1.0025233030319214,0.056676425,1.0111615657806396,1.0283850258053882,1692921600.0,15
2023-08-28,0.018210675994231873,-0.0033639524036779525,1.0128361801206462,0.9968912222168662,-0.0033583009854319945,0.09090909,0.039280172,0.0008949167775081969,0.059857737,1.0,0.059857737,1.002830147743225,0.12328607,1.0014475584030151,0.1627102,0.9959539175033569,0.074720934,0.9967755675315857,0.1627102,0.9917080998420715,0.059857737,1.0011407136917114,0.059857737,0.9933807253837585,0.072518766,1.0,0.059857737,0.9899320602416992,0.10476513,0.992634654045105,1.025188005284657,1693180800.0,16
2023-08-29,0.011216255318631786,-0.004438453221429266,1.0083507152968487,0.9964178908954967,-0.004428618281846153,0.0909091,0.038691185,0.0010615078967413413,0.04931363,1.0,0.1053232,0.9880075454711914,0.04931363,0.9811614155769348,0.13404836,1.0043749809265137,0.13042268,1.0026947259902954,0.13404836,0.9983277320861816,0.04931363,0.990902304649353,0.04931363,0.9911202192306519,0.12857816,0.9982302784919739,0.12101112,1.0076277256011963,0.04931363,0.9981498718261719,1.021515669997099,1693267200.0,17
2023-08-30,0.01079135152265382,-8.053293557877238e-05,1.0082695131153685,1.0002046823501587,-8.052970087524258e-05,0.09090909,0.039539695,0.0008215935785951166,0.06234541,1.0,0.16947241,1.000712275505066,0.06234541,0.9911444187164307,0.06234541,0.9996108412742615,0.09812461,1.0016131401062012,0.16947241,1.0,0.06234541,1.0131938457489014,0.0677887,0.9861094951629639,0.08207508,0.9928991198539734,0.10133973,1.0151147842407227,0.06234541,1.001853585243225,1.0217247562251581,1693353600.0,18
2023-08-31,0.019423950363756007,0.007745705464021561,1.016109596858893,1.0064639340747485,0.0077757818138326495,0.09090909,0.018265622,0.0009302027122885115,0.08212938,1.0,0.08212938,1.029248595237732,0.08212938,1.002972960472107,0.08212938,0.9874334335327148,0.14075866,1.0029534101486206,0.08212938,1.0083752870559692,0.08767786,1.0039663314819336,0.11452848,1.0190868377685547,0.08212938,1.0102821588516235,0.08212938,0.9975141882896423,0.08212938,1.0092700719833374,1.028329117691936,1693440000.0,19
2023-09-01,0.010312777641406002,-0.006841341651686387,1.0091817681095736,0.9946301796219565,-0.006817993620703233,0.09090909,0.0452776,0.0010230701094606877,0.06052723,1.0,0.06052723,0.9958435893058777,0.06958799,0.997035801410675,0.16453008,0.9771475195884705,0.06052723,0.9908991456031799,0.16453008,1.0066444873809814,0.06052723,0.9875887036323547,0.16453008,0.9901906847953796,0.06052723,1.004866123199463,0.06052723,0.9925490617752075,0.07365842,0.9981668591499329,1.0228071750404184,1693526400.0,20
2023-09-04,0.009426636122031238,-0.0005718971106374669,1.00860478491833,1.0000016472556374,-0.0005717336653083827,0.090909086,0.034926027,0.0010906252758190035,0.08368571,1.0,0.09309762,1.0146116018295288,0.054438204,0.9895628690719604,0.120056644,0.9959675669670105,0.1479784,0.9991897344589233,0.057406172,1.0115511417388916,0.1479784,1.0034279823303223,0.11554049,0.9995486736297607,0.054438204,0.996034562587738,0.059887134,0.997489333152771,0.065492965,0.992634654045105,1.0228088598653036,1693785600.0,21
2023-09-05,0.009504759395339667,0.0002744333692298728,1.0088816177394642,1.0041446469046853,0.0002744710567248454,0.09090909,0.027450427,0.0011521936863111374,0.070417754,1.0,0.070417754,1.0137168169021606,0.070417754,1.009045124053955,0.070417754,0.9810123443603516,0.070417754,1.0129770040512085,0.12739699,1.019575834274292,0.070417754,0.9749572277069092,0.12243072,1.0117124319076538,0.070417754,1.0013254880905151,0.13810325,1.017568588256836,0.119144775,1.0037002563476562,1.027048041440429,1693872000.0,22
2023-09-06,0.005377639852495894,-0.0036607687782940733,1.005195086931615,0.9980552467432889,-0.003654076695449371,0.09090909,0.04136497,0.0012641598828054704,0.05932478,1.0,0.14590995,1.0020323991775513,0.05932478,0.99849534034729,0.16126147,0.9926952123641968,0.06815839,1.004271149635315,0.09520811,0.9983999729156494,0.16126147,0.9918279647827148,0.05932478,0.9893112778663635,0.07157676,1.00220787525177,0.05932478,0.9901306629180908,0.05932478,1.0092358589172363,1.025050686417039,1693958400.0,23
2023-09-07,-0.004937582777109065,-0.010451865049523496,0.9947436362097917,0.9928318478844382,-0.010397435142392886,0.09090909,0.03825221,0.0009942390561121148,0.054959197,1.0,0.1493946,0.9817658066749573,0.054959197,1.0089775323867798,0.087667204,0.9794629812240601,0.097434096,0.9851172566413879,0.07280201,0.9967948794364929,0.07407609,0.9923504590988159,0.054959197,0.9928001761436462,0.1493946,1.0,0.054959197,0.9875340461730957,0.1493946,0.996347188949585,1.0177029671706406,1694044800.0,24
2023-09-08,0.0007733443211702628,0.006134767061797725,1.0008649144275803,1.0069437460465864,0.0061536239036543705,0.09090909,0.038426276,0.001121178004379571,0.078088075,1.0,0.078088075,1.0261363983154297,0.078088075,0.998506486415863,0.078088075,1.0127331018447876,0.078088075,1.0016182661056519,0.078088075,1.0128618478775024,0.078088075,1.0148286819458008,0.2122654,1.0081608295440674,0.08494194,0.9964761137962341,0.078088075,1.0050594806671143,0.078088075,1.0,1.024769638125531,1694131200.0,25
2023-09-11,-0.005480816452624352,-0.007320951690281231,0.993564386023112,0.9939705837856639,-0.00729421952875986,0.09090909,0.038797077,0.0010395909781656032,0.067555405,1.0,0.067555405,0.9973177909851074,0.08513464,0.9940806031227112,0.069316395,0.9880554676055908,0.154678,0.9886875748634338,0.10190389,0.9968253970146179,0.067555405,0.9842166900634766,0.067555405,0.9919052124023438,0.067555405,1.0026556253433228,0.18363464,0.9899320602416992,0.067555405,1.0,1.0185908754534576,1694390400.0,26
2023-09-12,-0.0051110591169255025,0.000319718715839533,0.9938820979712087,1.0022221261804753,0.0003197698634995749,0.09090909,0.03423773,0.0008643437458148612,0.12318255,1.0,0.0550749,1.0073908567428589,0.045316327,0.9925246238708496,0.12318255,1.0199787616729736,0.12318255,0.9950975775718689,0.08935022,1.0111464262008667,0.045316327,1.011281967163086,0.12318255,1.0018130540847778,0.045316327,0.9969122409820557,0.12318255,0.9974828362464905,0.10371315,0.9908150434494019,1.020854312904996,1694476800.0,27
2023-09-13,-0.006677346093635275,-0.0020435106541596515,0.991853162891959,1.0002104423262856,-0.0020414243131970933,0.09090909,0.042786688,0.0014477363034368451,0.063830204,1.0,0.06136112,1.0186810493469238,0.16679683,1.0045157670974731,0.06136112,0.9992929697036743,0.06136112,1.0027388334274292,0.14235553,0.9732283353805542,0.06136112,1.005872368812561,0.09205389,0.9959269165992737,0.16679683,0.9951359033584595,0.06136112,1.0050725936889648,0.06136112,1.0018501281738281,1.0210691438614026,1694563200.0,28
2023-09-14,-0.012539822859748572,-0.00798683089683022,0.9839629494496884,0.9924224398352883,-0.007955021708319188,0.09090909,0.035166863,0.0008875409509788578,0.05013844,1.0,0.05013844,0.9882100224494934,0.05013844,0.9910250902175903,0.09903675,0.9822297096252441,0.09532849,0.984438955783844,0.13629042,0.9919094443321228,0.05611847,1.00291907787323,0.11864468,0.9950041770935059,0.13629042,0.9982201457023621,0.07158503,0.9974638819694519,0.13629042,0.9852263331413269,1.0133319309914621,1694649600.0,29
2023-09-15,-0.010880750218973032,0.0018537418608579749,0.9857886546142206,1.0006693384864114,0.0018554612910508528,0.09090909,0.04227095,0.0011545385328773274,0.058827654,1.0,0.058827654,0.9874079823493958,0.11517678,0.9879143834114075,0.058827654,0.9937717318534851,0.058827654,0.9950063228607178,0.058827654,1.0032626390457153,0.15991016,0.9970894455909729,0.15991016,1.0050208568572998,0.14417636,1.016472578048706,0.058827654,1.010170340538025,0.06786059,1.0112464427947998,1.0140101930523842,1694736000.0,30
2023-09-18,-0.017760973190865163,-0.010772352082595946,0.9752263834623784,0.9894015463915738,-0.010714539168616866,0.09090909,0.043898936,0.0015087828240905859,0.072390795,1.0,0.055572167,0.9328886866569519,0.14099379,0.9632993936538696,0.055572167,0.9927095770835876,0.15106082,1.002230167388916,0.15106082,0.982113778591156,0.055572167,1.00291907787323,0.055572167,0.998638391494751,0.055572167,0.9956236481666565,0.055572167,1.0,0.15106082,1.0129942893981934,1.0032632530628471,1694995200.0,31
2023-09-19,-0.02045364380402794,-0.004455780684352845,0.9708906548358847,0.9978864030404524,-0.004445868877234971,0.0909091,0.044659603,0.0017606395767350025,0.061708726,1.0,0.064747386,1.0129519701004028,0.061708726,0.9841170310974121,0.16774172,0.9852689504623413,0.061708726,0.9961065649986267,0.061708726,1.0132449865341187,0.061708726,0.9825368523597717,0.16774172,1.0004560947418213,0.15472588,0.9986763000488281,0.07479105,1.0125597715377808,0.061708726,0.9908319115638733,1.0011427589015476,1695081600.0,32
2023-09-20,-0.028430545364251828,-0.01718981037148141,0.9543438525145437,0.9846829338507219,-0.01704291027926108,0.0909091,0.03962354,0.001530397795968174,0.062392607,1.0,0.062392607,0.9957330226898193,0.12911493,0.9774256944656372,0.062392607,0.9761996865272522,0.15608703,0.9701297879219055,0.062392607,0.9885621666908264,0.11412684,0.9798581004142761,0.062392607,0.9822635650634766,0.062392607,0.994716465473175,0.16392301,0.9851102232933044,0.062392607,0.9815135598182678,0.9858081890385818,1695168000.0,33
2023-09-21,-0.03032553501381215,-0.003993807602945566,0.950539987390021,0.9971576007929716,-0.003985843377625531,0.09090909,0.037818827,0.0013148877536728418,0.06635773,1.0,0.18037903,1.0057088136672974,0.06635773,0.9933986663818359,0.06635773,0.9957579374313354,0.09909585,0.9933814406394958,0.06635773,1.0016528367996216,0.06635773,1.0018175840377808,0.14706019,0.9912060499191284,0.06635773,0.9964573979377747,0.06679876,1.0025233030319214,0.10851979,0.9868295788764954,0.9830061286237763,1695254400.0,34
2023-09-22,-0.032997628645604175,-0.005644806060119474,0.9451894884161289,0.9961059201847423,-0.0056289046698428935,0.09090909,0.04321993,0.0012773627122691156,0.0666882,1.0,0.0666882,0.9922003746032715,0.0666882,1.0199354887008667,0.0666882,0.970941960811615,0.0666882,0.9846453666687012,0.18127733,0.9933993220329285,0.18127733,1.0012032985687256,0.0666882,0.9953274726867676,0.0666882,1.004445195198059,0.090087704,0.9874402284622192,0.080540255,1.0076264142990112,0.9791782243000279,1695340800.0,35
2023-09-25,-0.030345592753537074,0.0033140140544606184,0.9483270560963875,1.003384600986134,0.0033195118213980024,0.0909091,0.035185065,0.0012594619676594644,0.055742152,1.0,0.15152289,0.9949923157691956,0.055742152,0.9885938763618469,0.15152289,1.0263714790344238,0.055742152,1.0150048732757568,0.07424472,1.0033222436904907,0.098112956,1.0174800157546997,0.08974007,0.9976528882980347,0.089513816,1.0008814334869385,0.055742152,0.9872549772262573,0.12237414,1.005676507949829,0.9824923518835947,1695600000.0,36
2023-09-26,-0.025975065396563312,0.006053295197723105,0.9540849699103127,1.0057643055915833,0.0060716540532193,0.09090909,0.04382107,0.0009095938916390162,0.14834353,1.0,0.07615328,1.003591775894165,0.054572534,1.0131809711456299,0.14834353,1.0259641408920288,0.054572534,0.9970998764038086,0.14834353,1.0016556978225708,0.054572534,1.0177735090255737,0.054572534,1.0028241872787476,0.14834353,1.008843183517456,0.05761,1.0,0.054572534,0.9924740195274353,0.9881557380412451,1695686400.0,37
2023-09-27,-0.022259952108150342,0.00551509704790224,0.9593613782407665,1.0087089917876504,0.005530333772001406,0.09090908,0.039118834,0.0012037348137076448,0.06916245,1.0,0.06916245,1.0064436197280884,0.14761543,1.0292799472808838,0.06916245,0.9971931576728821,0.06916245,0.9912806749343872,0.06916245,1.0099173784255981,0.06916245,1.0040769577026367,0.18800303,0.9948376417160034,0.11108183,1.0070106983184814,0.06916245,1.0386770963668823,0.06916245,1.0170817375183105,0.996761578248766,1695772800.0,38
2023-09-28,-0.024774202958601166,-0.005620912715404319,0.9539840181030219,0.9980477799068798,-0.005605145526709987,0.09090908,0.039191708,0.0011541386531611505,0.060643956,1.0,0.16484739,0.9950244426727295,0.060643956,0.9889363050460815,0.060643956,0.9971411228179932,0.06959676,0.9700871706008911,0.060643956,0.9689034223556519,0.1015406,1.0741982460021973,0.060643956,0.9844421744346619,0.11688408,1.00043785572052,0.07906392,1.0049465894699097,0.16484739,0.9944082498550415,0.9948156802676585,1695859200.0,39
2023-10-09,-0.02845632470008788,-0.008745075503666789,0.9456777274664601,0.994400289925662,-0.008706949465546288,0.09090909,0.04182947,0.0012445157154555861,0.17403449,1.0,0.0640237,0.9806970357894897,0.17403449,0.995202898979187,0.109835066,0.9966474771499634,0.093929924,0.9897216558456421,0.0640237,0.9915540218353271,0.0640237,0.9713984131813049,0.0640237,1.0105373859405518,0.0640237,1.0008665323257446,0.0640237,1.0074206590652466,0.0640237,0.9943571090698242,0.9892450008807543,1696809600.0,40
2023-10-10,-0.030716918350148406,-0.0055282375759819966,0.9404642197980568,0.9937857768752358,-0.005512985573183138,0.09090909,0.036334906,0.0008881996708269992,0.09244616,1.0,0.073998496,0.9956284165382385,0.073998496,0.9983990788459778,0.073998496,0.9957954287528992,0.10756315,1.004583716392517,0.073998496,1.0,0.0751292,0.9877805709838867,0.073998496,0.9786746501922607,0.07972176,0.9900036454200745,0.073998496,0.9902032017707825,0.20114878,0.990574836730957,0.9830976117202238,1696896000.0,41
2023-10-11,-0.03247513937958595,-0.004491748072557774,0.9362493641237252,0.9957778833129189,-0.00448167573587932,0.09090909,0.03172737,0.0007493188551206212,0.15947329,1.0,0.07177487,0.9919491410255432,0.13994019,0.9839298725128174,0.07386822,0.9824892282485962,0.07177487,0.9762825965881348,0.07177487,0.991482138633728,0.12429425,1.0016850233078003,0.07177487,1.0091984272003174,0.07177487,1.012734293937683,0.07177487,1.0,0.07177487,1.0038059949874878,0.9789468588887503,1696982400.0,42
2023-10-12,-0.027337211002888696,0.008093045492599437,0.943857217456365,1.0082020326094194,0.008125883577779769,0.09090909,0.03656462,0.0006202464302182459,0.07856825,1.0,0.06617736,1.0007364749908447,0.17979664,1.0097960233688354,0.14514399,1.0363699197769165,0.06617736,1.0031158924102783,0.095810845,0.9896907210350037,0.06617736,1.0308831930160522,0.10159037,1.0143959522247314,0.06617736,0.9991320371627808,0.06617736,1.0098936557769775,0.06820309,0.9962084889411926,0.9869762129482446,1697068800.0,43
2023-10-13,-0.0309652119676632,-0.009886062371684065,0.9345721571110982,0.9913345358588479,-0.009837356936560182,0.09090909,0.028197857,0.0009735495615354778,0.110968344,1.0,0.13396986,0.9882026314735413,0.049284752,0.9821946024894714,0.08346052,1.0008728504180908,0.049284752,0.9847878217697144,0.099083066,0.9878472089767456,0.07531246,0.9727655053138733,0.13396986,0.9943243265151978,0.0653824,1.010847568511963,0.09908721,0.9828373789787292,0.100196816,1.0,0.9784236059667715,1697155200.0,44
2023-10-16,-0.026572976491169124,0.007540972445857253,0.9416463804887287,1.008425853469155,0.007569477994613161,0.09090909,0.041959565,0.0005224726908921177,0.054482836,1.0,0.1480997,1.0044758319854736,0.054482836,1.0115376710891724,0.1480997,1.0290452241897583,0.055181723,1.0122929811477661,0.097136326,0.9982424974441528,0.054482836,1.0111987590789795,0.1480997,1.0142725706100464,0.054482836,0.993561327457428,0.1309687,1.0199605226516724,0.054482836,0.9980970025062561,0.9866676599014098,1697414400.0,45
2023-10-17,-0.027941757385815925,-0.003914365609831353,0.9379676365604658,0.9965369863943621,-0.003906714882027873,0.09090909,0.03495997,0.0012707824693017713,0.12865284,1.0,0.07562924,1.0007413625717163,0.047328733,0.9674235582351685,0.047328733,0.9789794683456421,0.12865284,1.0056047439575195,0.047328733,0.9964788556098938,0.1266263,0.9900349378585815,0.12676854,1.012661337852478,0.058131788,1.0012952089309692,0.0905851,1.0048742294311523,0.12296715,1.0038131475448608,0.9832508163709283,1697500800.0,46
2023-10-18,-0.026238677816731146,0.0029366000779283818,0.9407261209891946,1.0055266618728638,0.0029409164252662823,0.09090909,0.03949864,0.0011282420443181442,0.09960146,1.0,0.063348144,1.0193073749542236,0.090374015,1.0168458223342896,0.17219812,0.9963633418083191,0.17020215,1.0061938762664795,0.07393087,1.0159010887145996,0.07112383,1.0044721364974976,0.063348144,0.9981474876403809,0.063348144,1.009488821029663,0.063348144,0.9902746081352234,0.06917691,1.0037987232208252,0.9886849111692276,1697587200.0,47
2023-10-19,-0.029347932668691963,-0.009119156104173798,0.9321864880305841,0.9936727014454928,-0.009077703667493386,0.09090909,0.037327446,0.001034404409730552,0.057924516,1.0,0.12434007,0.9956243634223938,0.057924516,1.0115771293640137,0.057924516,0.9797097444534302,0.15745516,0.98707515001297,0.057924516,0.9930434823036194,0.07175116,0.9749431014060974,0.09101288,0.9953625798225403,0.117979616,1.005555510520935,0.14783844,0.9950773119926453,0.057924516,0.9924313426017761,0.9824292065599235,1697673600.0,48
2023-10-20,-0.02858870699934892,0.0009962366855962369,0.9331156292528401,1.0050786137580872,0.000996733201120481,0.0909091,0.041875124,0.0008531641064732874,0.06409712,1.0,0.17423405,0.9992699027061462,0.09278596,0.9820080995559692,0.110066205,1.0581401586532593,0.17423405,0.9803557395935059,0.06409712,1.0052539110183716,0.06409712,1.0171339511871338,0.06409712,1.0093227624893188,0.06409712,1.0,0.06409712,1.0024735927581787,0.06409712,1.0019066333770752,0.9874185850447054,1697760000.0,49
2023-10-23,-0.021161674416550254,0.01420510396434988,0.9464652269308274,1.0129993070255627,0.0143064774176771,0.09090909,0.03637249,0.0009876043388656432,0.17764947,1.0,0.06535358,0.9897500872612,0.12516494,1.0416659116744995,0.07514818,1.0293378829956055,0.06535358,1.0448460578918457,0.08368404,1.0139373540878296,0.13617453,1.01011061668396,0.06535358,1.0106256008148193,0.06535358,0.989378035068512,0.06535358,1.0,0.075410955,1.0133408308029175,1.0002543423944483,1698019200.0,50
2023-10-24,-0.019086432351650175,0.004528891744658046,0.9507613870153806,1.0055342750115828,0.004539163153922443,0.09090909,0.04353724,0.0010755795857270375,0.15660839,1.0,0.057613004,1.0096179246902466,0.06144839,1.0111881494522095,0.063040935,1.0004481077194214,0.15660839,0.9978705048561096,0.057613004,0.9896907210350037,0.057613004,1.0177850723266602,0.11762044,1.0201069116592407,0.057613004,1.0025758743286133,0.057613004,1.0172473192214966,0.15660839,0.9943464398384094,1.005790025006789,1698105600.0,51
2023-10-25,-0.021403617925091413,-0.007190962639422202,0.9439490197779652,0.9941244558854536,-0.007165170283998101,0.09090909,0.03962761,0.0007305152664468332,0.16559319,1.0,0.06091833,1.0168521404266357,0.06091833,0.9715245962142944,0.09592611,0.9779821634292603,0.06091833,0.9816962480545044,0.06091833,0.9982638359069824,0.09008901,0.9770639538764954,0.06091833,0.9901424050331116,0.11728854,1.0145668983459473,0.06091833,1.0072767734527588,0.16559319,1.0,0.999880461344891,1698192000.0,52
2023-10-26,-0.02015816925190942,0.0026590510457253805,0.9464623687527353,1.0032717314633457,0.002662589739603982,0.09090907,0.038920823,0.0006773873422885263,0.15446289,1.0,0.063358694,1.0093611478805542,0.063358694,1.0130306482315063,0.1722268,1.0007487535476685,0.063358694,0.9990679025650024,0.11396347,1.0,0.06812186,0.9793148040771484,0.063358694,1.0135750770568848,0.063358694,1.0033780336380005,0.063358694,1.002384066581726,0.11107273,1.0151286125183105,1.0031518017098577,1698278400.0,53
2023-10-27,-0.022575907941009516,-0.00782505296032116,0.9390851510126557,0.9942948764020746,-0.007794517757532593,0.09090909,0.04197638,0.0011644800726617805,0.05778998,1.0,0.05778998,1.0078569650650024,0.13473053,0.9903441071510315,0.05778998,0.9824104905128479,0.15708947,0.9850694537162781,0.05778998,0.9773913025856018,0.06275017,0.9845917820930481,0.05778998,0.9991096258163452,0.15357846,1.0016855001449585,0.065015756,0.9976216554641724,0.13788572,1.0111627578735352,0.9974286966936214,1698364800.0,54
2023-10-30,-0.021957786190645614,0.0010878522559141235,0.940107292890337,0.9990418770096519,0.0010884442977072695,0.0909091,0.035567276,0.0009674935820714387,0.07873517,1.0,0.076790765,1.0021202564239502,0.076790765,1.0048749446868896,0.07704398,0.9910261034965515,0.076790765,0.9930524826049805,0.076790765,0.9928825497627258,0.085445546,0.9843447804450989,0.076790765,0.9915079474449158,0.2019134,0.9974759817123413,0.096117385,0.9879596829414368,0.076790765,1.0442159175872803,0.9964730373280863,1698624000.0,55
2023-10-31,-0.025443223882754606,-0.012495289168111497,0.9284334649828186,0.9877232855016534,-0.012417548503030451,0.09090909,0.025502788,0.0008274328152088236,0.113551304,1.0,0.041773185,0.9879893064498901,0.113551304,1.0161653757095337,0.113551304,0.9660447835922241,0.09772936,0.9821927547454834,0.041773185,0.985663115978241,0.078679055,0.9740870594978333,0.113551304,0.987835168838501,0.09906175,0.9941045045852661,0.093162134,0.9902746081352234,0.09361611,0.9805994629859924,0.9842396223435091,1698710400.0,56
2023-11-01,-0.024521692333701633,0.001896103337645346,0.9301955409753307,1.0056310079314492,0.001897902282685049,0.09090909,0.03677332,0.0009421029771259443,0.06416468,1.0,0.12708344,1.0085803270339966,0.06416468,0.9840917587280273,0.17379464,1.0084002017974854,0.093094096,1.0174816846847534,0.06416468,1.0381817817687988,0.06416468,1.0187445878982544,0.06416468,0.9958934783935547,0.08196354,0.9974589347839355,0.13907622,0.9877178072929382,0.06416468,1.0053905248641968,0.989781883463372,1698796800.0,57
2023-11-02,-0.02636227379624547,-0.006570571893775764,0.924103659131592,0.9942010315981779,-0.006549033590669828,0.09090909,0.03516802,0.0012000622169151538,0.0593211,1.0,0.062000148,0.9950385689735413,0.152126,0.9870746731758118,0.055964027,0.9943878054618835,0.09208261,1.0006372928619385,0.152126,1.0,0.065467425,0.9792274832725525,0.11463081,0.9908348321914673,0.055964027,0.991502583026886,0.112280875,0.9975081086158752,0.07803694,1.0,0.984042169596472,1698883200.0,58
2023-11-03,-0.025266437085497664,0.002407907918708998,0.9263314970287501,1.0038468837738037,0.002410809518113677,0.09090909,0.04025423,0.001046193186569539,0.05533573,1.0,0.15041812,1.0049861669540405,0.12147097,1.0049148797988892,0.05533573,1.025573492050171,0.10400054,1.0069961547851562,0.05533573,1.0105078220367432,0.13846679,1.0157595872879028,0.15041812,0.9754990935325623,0.05533573,0.9931455254554749,0.058546823,1.0174623727798462,0.05533573,0.9874706268310547,0.9878276654514312,1698969600.0,59
2023-11-06,-0.02540509043159076,-0.0010700836915991934,0.9253407748661091,1.0027491504495794,-0.0010695114716694487,0.09090909,0.040787946,0.0011205378069132942,0.072760254,1.0,0.06342736,1.0241138935089111,0.13296117,0.9739388823509216,0.06342736,0.9974201917648315,0.17241344,1.0025266408920288,0.06342736,1.015597939491272,0.07286182,0.9803118705749512,0.07007943,0.9938384890556335,0.06342736,1.0150970220565796,0.06342736,1.014707326889038,0.16178715,1.012688398361206,0.990543352322014,1699228800.0,60
2023-11-07,-0.02126539317868151,0.010314346827826948,0.9349344527917814,1.0104532892053777,0.010367724179300764,0.0909091,0.04161081,0.0013403740523593311,0.06066586,1.0,0.14715427,1.0090051889419556,0.113112606,0.9949783086776733,0.15016524,0.9999572038650513,0.06066586,1.029920220375061,0.06066586,1.0068259239196777,0.06066586,1.0596410036087036,0.06066586,1.0076289176940918,0.1649069,0.9987257122993469,0.06066586,0.997580349445343,0.06066586,1.010723352432251,1.0008977884543002,1699315200.0,61
2023-11-08,-0.016845682655222995,0.01182507471612975,0.9460557492210222,1.0108311122114009,0.011895268589184882,0.09090909,0.042612582,0.0013087928732783561,0.1571557,1.0,0.101703055,1.0267674922943115,0.057814345,0.9815242290496826,0.057814345,1.0518124103546143,0.1571557,1.0171234607696533,0.1571557,1.01694917678833,0.079943754,0.9919593930244446,0.057814345,1.002841591835022,0.057814345,1.002128005027771,0.057814345,1.01210355758667,0.057814345,1.0159329175949097,1.0117386247131916,1699401600.0,62
2023-11-09,-0.021342981705354876,-0.019911418967404403,0.9274047351200911,0.9812820987267927,-0.01971449792074964,0.09090909,0.043418683,0.0011792482380225812,0.06689868,1.0,0.1818495,0.9839566349983215,0.06689868,0.9760160446166992,0.1818495,0.9929922223091125,0.06689868,0.9753479957580566,0.06689868,0.9766666889190674,0.06689868,0.9502049088478088,0.06689868,0.9811208844184875,0.07826667,0.9902328848838806,0.08974357,0.9832479357719421,0.06689868,0.984316885471344,0.9928010010215196,1699488000.0,63
2023-11-10,-0.017399511617347197,0.011776555994071677,0.9383909329065637,1.0105653947049922,0.011846173920009084,0.09090909,0.03708096,0.0008941257219404426,0.048217922,1.0,0.1310699,0.9918440580368042,0.048217922,1.0193049907684326,0.1226217,1.0555921792984009,0.07161384,1.0252751111984253,0.048217922,1.0102388858795166,0.048217922,1.0097519159317017,0.1310699,1.0192424058914185,0.08861318,1.0,0.1310699,0.9902746081352234,0.1310699,0.9946951866149902,1.0032903354608234,1699574400.0,64
2023-11-13,-0.018925016073663477,-0.006428465282942451,0.9323778668305215,0.9962898601185192,-0.006407847588016935,0.09090909,0.043838862,0.0012508583067108434,0.06578691,1.0,0.17882739,0.979452908039093,0.06578691,0.9931146502494812,0.06578691,0.980177640914917,0.06578691,1.0054140090942383,0.06578691,0.9915540218353271,0.1160499,1.0066338777542114,0.06578691,0.9919772744178772,0.17882739,1.0077190399169922,0.06578691,1.0049227476119995,0.06578691,0.998222291469574,0.9995679879745258,1699833600.0,65
2023-11-14,-0.022730353758607397,-0.0185835858003599,0.9152109464012598,0.9834026477553628,-0.018411977632650234,0.0909091,0.04073847,0.0013382116862506526,0.05684913,1.0,0.05684913,0.9811225533485413,0.12797065,0.9670817255973816,0.05684913,0.9980054497718811,0.06642716,0.9838513731956482,0.05684913,0.9693356156349182,0.13842537,0.9682261943817139,0.15453197,0.9928611516952515,0.05684913,0.988512396812439,0.07488066,0.9755560159683228,0.15351857,0.9928766489028931,0.9829778059856493,1699920000.0,66
2023-11-15,-0.02275808677236687,-0.0007815310893669632,0.91449595994363,1.0009518374096265,-0.0007812258588484333,0.09090909,0.035819843,0.0012203157969240873,0.07386787,1.0,0.07386787,1.004274845123291,0.10086525,1.021488070487976,0.07386787,0.9991605877876282,0.11104835,0.9960472583770752,0.07386787,1.010544776916504,0.07386787,0.9894769787788391,0.07386787,0.984669029712677,0.19714342,1.0008618831634521,0.07386787,0.994978666305542,0.07386787,1.0089681148529053,0.983913441034219,1700006400.0,67
2023-11-16,-0.016452899368813237,0.020207809972734213,0.933163906442474,1.0203471454707058,0.02041337230182494,0.09090909,0.039511833,0.001103414503638923,0.06401117,1.0,0.14776362,1.0432897806167603,0.11498405,1.0403597354888916,0.11097668,1.0085203647613525,0.14776362,1.0228890180587769,0.054359198,1.0260869264602661,0.054359198,0.990612804889679,0.054359198,1.0053508281707764,0.054359198,1.025805950164795,0.14061856,1.0377744436264038,0.05644553,1.0231287479400635,1.003933270949525,1700092800.0,68
2023-11-17,-0.010832736127725484,0.020701830512629964,0.9526834576520726,1.021053140813654,0.020917602014863146,0.09090909,0.039960127,0.0007229638784188324,0.06690909,1.0,0.12204996,1.0265308618545532,0.18187778,0.9983179569244385,0.06690909,1.0082896947860718,0.15407191,1.020283818244934,0.06690909,1.01694917678833,0.06690909,1.0435888767242432,0.07363678,1.0280773639678955,0.06690909,1.0037715435028076,0.06690909,1.0509884357452393,0.06690909,1.0347868204116821,1.0250692194703377,1700179200.0,69
2023-11-20,-0.011988035039892974,-0.0057060262180747496,0.9472628999240382,0.9953904260288585,-0.0056897783670911695,0.09090908,0.04037492,0.0011826936700840794,0.064461045,1.0,0.064461045,1.0046427249908447,0.07894352,0.9864853024482727,0.07411126,0.9736045002937317,0.08380274,1.004093885421753,0.064461045,1.0133333206176758,0.064461045,0.9449114799499512,0.1752233,0.9962340593338013,0.1752233,1.0079351663589478,0.071250595,1.0046038627624512,0.08360103,1.0134503841400146,1.020344087077649,1700438400.0,70
2023-11-21,-0.011011698022390529,0.003936236635172313,0.9509988993125297,1.0031564885919744,0.003943994205611867,0.09090909,0.028346635,0.0009637369972653999,0.068277285,1.0,0.068277285,0.9907642602920532,0.07979063,0.9897158741950989,0.088052936,0.9765657782554626,0.07441546,1.0244629383087158,0.14984648,0.9917763471603394,0.068277285,1.000641942024231,0.08664468,1.0108668804168701,0.08772602,1.0058045387268066,0.14824235,0.997697114944458,0.08044967,1.046425700187683,1.023564791548398,1700524800.0,71
2023-11-22,-0.015004546715076268,-0.022050202794831306,0.9302586818578942,0.978789898482236,-0.02180887640314666,0.0909091,0.04059331,0.0012791748945526107,0.053803135,1.0,0.07015382,0.994006872177124,0.1462521,0.9844321012496948,0.1462521,0.9489033222198486,0.053803135,0.9641846418380737,0.053803135,0.9684908986091614,0.13656369,0.943020224571228,0.07206469,0.9794322848320007,0.053803135,0.9929935932159424,0.06724904,1.0023081302642822,0.1462521,0.98891681432724,1.0018548784096475,1700611200.0,72
2023-11-23,-0.016956158222180547,-0.01074017001090439,0.9203210060770648,0.990307937968861,-0.010682701462115918,0.0909091,0.03498721,0.0011258946402072502,0.08077725,1.0,0.051582575,0.9892851710319519,0.1075108,0.9929693937301636,0.06576222,0.9930675029754639,0.140216,0.9758246541023254,0.10040717,0.9863013625144958,0.140216,0.9742037653923035,0.140216,1.0028611421585083,0.051582575,1.0124499797821045,0.07014689,0.9632222652435303,0.051582575,1.0032020807266235,0.992144838781902,1700697600.0,73
2023-11-24,-0.016416620185881643,0.002014832861969551,0.9221771685858308,1.0024397806687788,0.002016864220754977,0.09090909,0.039745092,0.0009226639487153091,0.09004189,1.0,0.053389106,1.0176011323928833,0.14512664,1.0053150653839111,0.053389106,1.0344223976135254,0.14512664,1.0072495937347412,0.12815844,0.9809027314186096,0.053389106,1.020906925201416,0.053389106,0.993812084197998,0.14512664,0.9897525310516357,0.07947425,0.9928513169288635,0.053389106,0.9840238094329834,0.9945654545801907,1700784000.0,74
2023-11-27,-0.0178020492038296,-0.007817592682387032,0.9149960683499596,0.990464145487005,-0.007787115622135188,0.09090909,0.035340227,0.0012030831702011867,0.06787737,1.0,0.18450983,0.9953455328941345,0.072634056,0.9982439279556274,0.06787737,0.9821729063987732,0.06787737,0.9922018647193909,0.13194323,0.9911503791809082,0.09515577,0.9522160887718201,0.07647629,0.9865917563438416,0.06787737,1.005383014678955,0.09989404,1.0047919750213623,0.06787737,0.9870081543922424,0.9850814231016634,1701043200.0,75
2023-11-28,-0.017446126014607256,0.0011514493707787687,0.9160502469124201,1.0055592439391396,0.0011521126690319239,0.09090909,0.043443978,0.0007823330674586817,0.17589033,1.0,0.06470643,1.0093592405319214,0.17485833,1.0,0.06470643,1.0412706136703491,0.06470643,0.9894203543663025,0.12626785,0.9660714268684387,0.070038445,0.9856624007225037,0.06470643,1.026699185371399,0.06470643,1.0197715759277344,0.06470643,0.9784786701202393,0.06470643,1.044418215751648,0.9905577310326004,1701129600.0,76
2023-11-29,-0.010844115124765434,0.028383533949953046,0.9424235056198843,1.0300149267370051,0.028790187870541217,0.09090909,0.027138127,0.00041657535230538764,0.14780022,1.0,0.06855697,1.0198665857315063,0.1137162,1.0476090908050537,0.06855697,1.0417096614837646,0.06855697,1.0470517873764038,0.12007432,1.0406655073165894,0.09411518,1.0683656930923462,0.11295223,1.046805739402771,0.06855697,0.9983826279640198,0.06855697,1.0244439840316772,0.06855697,0.9952635169029236,1.020289248758318,1701216000.0,77
2023-11-30,-0.010047255199826374,0.003902295255412457,0.9461083056976318,1.0039955648508938,0.003909919538057194,0.09090909,0.020358657,0.0006997979779283423,0.13691136,1.0,0.11009523,1.004542589187622,0.08310343,1.0067347288131714,0.074960336,0.9924704432487488,0.11703811,1.011087417602539,0.074960336,1.0142096281051636,0.074960336,1.0,0.074960336,1.0140035152435303,0.074960336,0.9991899728775024,0.094140805,1.0238608121871948,0.08390938,0.9778521060943604,1.0243658806184015,1701302400.0,78
2023-12-01,-0.00894524462514608,0.005598638396958351,0.9514200800226214,1.005993897264654,0.005614340655293981,0.09090909,0.03481855,0.0006043394997231128,0.07188321,1.0,0.1165975,1.0161596536636353,0.07188321,1.0050216913223267,0.07188321,1.0047770738601685,0.07188321,1.0187597274780273,0.07188321,1.0122592449188232,0.18726958,1.021105170249939,0.07188321,1.000892996788025,0.07654344,0.9975721836090088,0.07188321,1.0023350715637207,0.11640703,0.9870500564575195,1.030505824468245,1701388800.0,79
2023-12-04,-0.004952610955252808,0.021010067224220164,0.9716209496897763,1.0196649865670637,0.02123233479229758,0.09090909,0.043812353,0.0011264115740058764,0.06747493,1.0,0.06747493,1.0038152933120728,0.06747493,1.0366002321243286,0.06866383,1.0327603816986084,0.18341589,0.998867928981781,0.06747493,1.0103806257247925,0.07945721,1.0453327894210815,0.06747493,1.0097872018814087,0.07857804,1.0227290391921997,0.18341589,1.0232504606246948,0.06909446,1.0327908992767334,1.050770707663694,1701648000.0,80
2023-12-05,-0.0049495187051518995,-0.00016137713875040525,0.971464164915907,1.0026516968553716,-0.00016136413476808276,0.090909086,0.04333667,0.0009586208132494084,0.058917426,1.0,0.16015418,1.0316908359527588,0.058917426,1.0,0.16015418,0.9868472218513489,0.08510256,0.9934772849082947,0.058917426,1.0051369667053223,0.058917426,0.9808664321899414,0.0809304,1.0088177919387817,0.058917426,1.0134916305541992,0.16015418,0.9977231621742249,0.058917426,1.0111173391342163,1.0535570330449224,1701734400.0,81
2023-12-06,-0.004007239874983761,0.00530985007195663,0.9766362137629034,1.0069637298583984,0.005323972858478188,0.09090909,0.040524878,0.0006872679577371346,0.07873459,1.0,0.15393613,0.993857741355896,0.09553585,1.0048202276229858,0.15393613,1.0211681127548218,0.15393613,1.0145564079284668,0.056629937,1.0187393426895142,0.056629937,1.0123529434204102,0.056629937,0.9855795502662659,0.08077143,0.99412602186203,0.056629937,1.0,0.056629937,1.0314006805419922,1.0608937196134631,1701820800.0,82
2023-12-07,-0.002675728086407073,0.007683221039703281,0.9841688267469002,1.0104591250419617,0.007712813510134087,0.09090909,0.035379186,0.001423674055334868,0.056737214,1.0,0.09507587,1.0160672664642334,0.15422775,1.0063903331756592,0.056737214,1.009788990020752,0.0590586,0.9974680542945862,0.1454028,1.0183947086334229,0.11958481,1.0327582359313965,0.056737214,1.00886869430542,0.056737214,1.0063010454177856,0.10709135,1.011409878730774,0.09260993,1.0076031684875488,1.0719897396831322,1701907200.0,83
2023-12-08,-0.0027957661399336388,-0.0008165315931956627,0.9833655497203354,0.9997002536600287,-0.000816198404921975,0.09090909,0.03956289,0.0010980148021252113,0.05621461,1.0,0.05621461,0.9902693033218384,0.08777521,1.023798942565918,0.15280715,0.9947158694267273,0.15280715,0.9957694411277771,0.13202071,0.9753694534301758,0.05621461,1.0130552053451538,0.05621461,0.9982427358627319,0.067028284,1.0054818391799927,0.12648846,1.0,0.05621461,1.0,1.0716684146821753,1701993600.0,84
2023-12-11,-0.004179421352467423,-0.008583186102330562,0.974961258734978,0.9939006025140936,-0.008546456592614549,0.090909086,0.043199107,0.0006892736903791224,0.057298776,1.0,0.057298776,1.028865933418274,0.15575424,0.9798470139503479,0.057298776,0.9880377054214478,0.118028626,0.9872514009475708,0.15575424,0.9932659864425659,0.057298776,1.0110540390014648,0.057298776,1.001319169998169,0.057298776,0.9711931347846985,0.15575424,0.9977438449859619,0.070916,0.9743283987045288,1.0651318830479375,1702252800.0,85
2023-12-12,-0.002588904811166974,0.009446978591089976,0.9842153405508977,1.010747335173867,0.009491743115954021,0.09090909,0.03954248,0.0009007388099043303,0.06632164,1.0,0.06632164,0.9958235621452332,0.06632164,1.0047515630722046,0.06632164,1.0374038219451904,0.12057715,1.0043033361434937,0.06632164,1.0118643045425415,0.18028091,1.0382506847381592,0.080757074,1.0070319175720215,0.06632164,0.9991974234580994,0.15413338,1.01804518699646,0.06632164,1.0015488862991333,1.0765792123994258,1702339200.0,86
2023-12-13,-0.005055931896743841,-0.015901499042271842,0.9686886159334794,0.9865559285337274,-0.01577573928966336,0.09090908,0.042669762,0.0008354027520382524,0.055857863,1.0,0.15183742,0.9574310183525085,0.055857863,0.9763714075088501,0.055857863,0.9747579097747803,0.08078782,0.9960026144981384,0.15183742,0.9865996837615967,0.15183742,0.9573103189468384,0.055857863,0.9943252801895142,0.055857863,1.0148446559906006,0.12855268,1.0022212266921997,0.055857863,0.9922510981559753,1.0621056045288244,1702425600.0,87
2023-12-14,-0.0007266679777584678,0.026976932550296828,0.9951765411984757,1.024748146533966,0.027344107104501303,0.09090909,0.038855072,0.0011581163158354841,0.10464474,1.0,0.06574064,1.056984543800354,0.06574064,1.0161393880844116,0.10093858,1.0865622758865356,0.06574064,1.0091789960861206,0.1787016,1.0050934553146362,0.06574064,1.0476479530334473,0.06574064,1.0175615549087524,0.06574064,0.9901171326637268,0.06574064,1.0398271083831787,0.15553063,1.0031172037124634,1.0883907496642504,1702512000.0,88
2023-12-15,-0.001521988651820353,-0.005367659294767917,0.9898490828322369,0.9976040775125677,-0.005353279690277768,0.09090909,0.033268645,0.0005708985827918468,0.085208096,1.0,0.08628589,0.9674184918403625,0.087803245,1.001583218574524,0.116493054,1.0284796953201294,0.081262246,0.9928929805755615,0.06893862,0.9645270109176636,0.06893862,1.0139936208724976,0.06893862,1.005176067352295,0.06893862,0.9980036616325378,0.07979838,1.0,0.1873946,1.0015701055526733,1.0857830497920167,1702598400.0,89
2023-12-18,-0.0009811252102640295,0.003583124589789924,0.9934021976044105,1.0073419430039146,0.0035895520173712114,0.09090909,0.04638689,0.001111815342154078,0.06757984,1.0,0.06128641,0.9932592511177063,0.06128641,1.0095181465148926,0.16659375,1.0000685453414917,0.16659375,1.0214707851409912,0.06128641,0.9912434220314026,0.06128641,0.9994237422943115,0.16659375,1.0240355730056763,0.06128641,1.0179985761642456,0.06128641,1.036170244216919,0.06492052,0.9875730872154236,1.0937548070582062,1702857600.0,90
2023-12-19,-0.0002247327328596624,0.005092404261567388,0.9984739063335515,1.006651910868558,0.005105393103992828,0.090909086,0.04737013,0.0010720205007851103,0.061900932,1.0,0.1682642,1.009868860244751,0.061900932,0.9968516230583191,0.061900932,0.9964060187339783,0.061900932,0.9915933609008789,0.1682642,1.0053004026412964,0.061900932,1.0011531114578247,0.1682642,1.028079867362976,0.061900932,1.0192539691925049,0.061900932,0.9979429244995117,0.061900932,1.0267208814620972,1.1010303665468144,1702944000.0,91
2023-12-20,-0.00039517169973512145,-0.0011732290262433751,0.9973031545616439,0.997537992217324,-0.001172541179575437,0.09090909,0.039831582,0.0012918633261498522,0.057760376,1.0,0.05233825,1.0030524730682373,0.05233825,0.9858296513557434,0.14227012,0.9995878338813782,0.14227012,0.9983043670654297,0.14227012,0.9947275519371033,0.08001667,0.9953986406326294,0.077441156,1.019565224647522,0.05868663,0.9969162940979004,0.05233825,0.991775631904602,0.14227012,0.9877602458000183,1.0983196212154136,1703030400.0,92
2023-12-21,-0.001234449822298177,-0.005798974281423117,0.9915365549789714,0.9953168034553528,-0.005782193264200708,0.09090909,0.043372266,0.0010756855623245056,0.17666413,1.0,0.17666413,1.007300853729248,0.0649911,0.990405797958374,0.0649911,1.0009279251098633,0.071032815,0.988675057888031,0.0649911,0.9946997165679932,0.0649911,0.9878793358802795,0.0649911,0.9952025413513184,0.0649911,1.0015486478805542,0.0649911,0.9833939075469971,0.12070125,0.9984510540962219,1.0931759745604193,1703116800.0,93
2023-12-22,-0.0005968253323528024,0.004362984091620763,0.9958720646333012,1.0078035972335122,0.004372516204832921,0.09090909,0.040319633,0.001077484540967038,0.06330566,1.0,0.06330566,1.0030211210250854,0.06330566,1.0016260147094727,0.08766874,1.036392331123352,0.06330566,0.9982820749282837,0.10126174,0.9982237815856934,0.06330566,1.0461668968200684,0.06330566,0.9983931183815002,0.17208263,0.997296154499054,0.17208263,1.0126596689224243,0.08707024,0.9937784075737,1.101706679571241,1703203200.0,94
2023-12-25,-0.0006614349184367774,-0.00047216964629715694,0.995401955020048,1.0010155168446628,-0.0004720582391537498,0.09090909,0.04315298,0.0013041997348335304,0.065764904,1.0,0.17876756,0.9837380647659302,0.108941935,1.0096540451049805,0.17876756,1.0060290098190308,0.065764904,1.006308913230896,0.071422,1.0160142183303833,0.065764904,0.9905056953430176,0.065764904,1.0068411827087402,0.065764904,0.997288703918457,0.06751153,0.9979129433631897,0.065764904,0.996877908706665,1.1028254812622231,1703462400.0,95
2023-12-26,-0.0021773629739642204,-0.010751684464104537,0.984757034169354,0.9920733571052551,-0.010694092770271557,0.09090909,0.040379714,0.0012289580949633788,0.08010759,1.0,0.07133649,0.9730557203292847,0.07133649,1.0350825786590576,0.07133649,0.9826138019561768,0.07133649,1.027651071548462,0.15528786,1.0175131559371948,0.07133649,0.9921045303344727,0.07133649,0.9856134057044983,0.07133649,0.9638968110084534,0.1939127,0.9603471755981445,0.07133649,0.9749286770820618,1.0940837774970322,1703548800.0,96
2023-12-27,-0.0026989262466184365,-0.0037939868126732187,0.98102795709638,0.9976542808792808,-0.003786799122607376,0.09090909,0.029085128,0.0009673754133165905,0.078006774,1.0,0.17899126,1.0037745237350464,0.078006774,0.9845983386039734,0.078006774,0.9801953434944153,0.078006774,0.9991679787635803,0.078006774,0.9827883243560791,0.091384724,1.0250142812728882,0.078006774,0.9951344728469849,0.078006774,1.002419352531433,0.078006774,1.004333734512329,0.105569854,0.9967707395553589,1.0915173642604887,1703635200.0,97
2023-12-28,-0.0026305025510996536,0.00038921893731313047,0.9814098661125269,0.9989980188283053,0.00038929473251436697,0.09090909,0.03756611,0.0009490236899459322,0.06205978,1.0,0.06908973,1.0288375616073608,0.06205978,1.0,0.08031322,0.9907006621360779,0.15330048,1.0299838781356812,0.06205978,1.0,0.11822164,0.966164767742157,0.06205978,0.9910341501235962,0.16869599,0.9919633865356445,0.06205978,0.9935166239738464,0.10008008,0.9967771768569946,1.0904236844129218,1703721600.0,98
2023-12-29,-0.0025815003607366797,0.00025561609836572503,0.9816607623641562,1.0014277750795537,0.00025564879699357945,0.09090909,0.036238097,0.0012774242586290209,0.049894508,1.0,0.096259765,1.0006144046783447,0.049894508,1.001560926437378,0.11007717,0.9974120259284973,0.13562734,1.0016168355941772,0.13562734,1.0122592449188232,0.068040766,1.0034457445144653,0.13562734,0.9909530878067017,0.049894508,1.000810980796814,0.11916224,1.0021824836730957,0.049894508,1.0048497915267944,1.0919805641756817,1703808000.0,99
2024-01-02,-0.0003841991125769275,0.01569791703725393,0.9971923812260053,1.0169271664185957,0.015821778212306237,0.09090909,0.034349732,0.0009415785016682927,0.0762912,1.0,0.07720262,1.0079131126403809,0.0762912,1.0343867540359497,0.0762912,1.0312422513961792,0.08942453,1.013185739517212,0.19650769,1.003460168838501,0.0762912,1.0554910898208618,0.0762912,1.0199185609817505,0.10282678,0.9983793497085571,0.0762912,1.0173784494400024,0.0762912,1.0048433542251587,1.1104647009113555,1704153600.0,100
2024-01-03,-0.002118775425816784,-0.012925981902175886,0.9843856374430164,0.9871186397292397,-0.012842801473516574,0.09090909,0.018214611,0.000595142800990757,0.07916359,1.0,0.07916359,0.9806679487228394,0.11175878,0.9622363448143005,0.1164409,0.9900021553039551,0.08697502,0.985924482345581,0.07916359,0.989655077457428,0.07916359,0.9756085276603699,0.07916359,0.9898253083229065,0.13068013,1.0020270347595215,0.07916359,0.9871781468391418,0.07916359,0.9951800107955933,1.0961604050309544,1704240000.0,101
2024-01-04,-0.0004905429593344709,0.012043992858934403,0.996313256129902,1.0126595876433633,0.01211681502979678,0.09090908,0.041785024,0.0008337601927093921,0.053792134,1.0,0.06418542,0.9944537281990051,0.054887373,1.043943166732788,0.14622219,1.0037952661514282,0.053792134,0.9932644963264465,0.14622219,1.0139373540878296,0.053792134,1.0538883209228516,0.07785399,1.0106871128082275,0.14327104,1.0113277435302734,0.14622219,0.9978533387184143,0.059759114,1.0161049365997314,1.1100373437496283,1704326400.0,102
2024-01-05,-0.0008191108324972129,-0.0025063098688037273,0.9938193127359767,0.9974045211618597,-0.0025031719477595082,0.09090909,0.037029397,0.0013716471397405867,0.0746461,1.0,0.1113446,0.9925616383552551,0.08857748,1.0105314254760742,0.0746461,1.0165430307388306,0.0746461,0.990234911441803,0.0746461,0.993127167224884,0.0746461,0.9646824598312378,0.20290914,1.0004076957702637,0.0746461,0.997601330280304,0.0746461,0.9978269338607788,0.0746461,1.0079331398010254,1.1071562653143807,1704412800.0,103
2024-01-08,-0.0012671910110549469,-0.0034443629728266416,0.990402126342569,0.9976367679509249,-0.0034384383052491474,0.0909091,0.03680845,0.0010037561127793475,0.1388246,1.0,0.14071444,1.0018751621246338,0.1045993,1.0014842748641968,0.05176595,1.037894368171692,0.11350171,0.9969894886016846,0.054319996,0.9809688329696655,0.13991825,0.9939876794815063,0.058086928,0.9963409304618835,0.094737016,1.002803921699524,0.05176595,0.9978222846984863,0.05176595,0.9638375043869019,1.1045397981448555,1704672000.0,104
2024-01-09,-0.0017287177567224942,-0.0035849690169834332,0.9868579217744059,0.9982330961660906,-0.0035785510490080608,0.09090909,0.0366181,0.0009881173934307456,0.08037991,1.0,0.051856153,1.0137040615081787,0.051856153,0.9851475954055786,0.1284112,1.0137275457382202,0.123383164,1.0016480684280396,0.06620086,0.9929453134536743,0.11228098,0.9774634838104248,0.14095965,1.0020407438278198,0.14095965,0.998801052570343,0.051856153,0.9804010391235352,0.051856153,1.0146851539611816,1.1025881825408077,1704758400.0,105
2024-01-10,-0.002561547756507313,-0.006512777180743837,0.9804516194237105,0.9972975524989042,-0.006491615671662898,0.0909091,0.026360303,0.0011433332328561127,0.111672804,1.0,0.111672804,1.014751672744751,0.06517034,0.9969750046730042,0.111672804,0.9813132286071777,0.08718084,0.9849129319190979,0.111672804,1.001776099205017,0.047383063,0.9988728165626526,0.111672804,0.9918577671051025,0.041082125,0.9943971633911133,0.111672804,1.0022039413452148,0.089146875,1.0032124519348145,1.0996084958621626,1704844800.0,106
2024-01-11,-0.004134304922862481,-0.012551339985815963,0.9682225427461273,0.9875020005486228,-0.012472901707043182,0.09090909,0.036785007,0.0010010540923904242,0.1581035,1.0,0.085060075,0.9739600419998169,0.099917114,0.9757918119430542,0.083863266,0.9925051331520081,0.061793413,0.9749388098716736,0.09611715,0.9946808815002441,0.16797191,0.9634047746658325,0.061793413,0.988503098487854,0.061793413,0.9995948672294617,0.061793413,0.9911373257637024,0.061793413,1.0080052614212036,1.0858655894841476,1704931200.0,107
2024-01-12,-0.0033897792035385375,0.005639117633618831,0.9736978876716702,1.0048818317326633,0.005655047970700489,0.09090909,0.04656242,0.0006923029576204097,0.062289845,1.0,0.062289845,1.0142990350723267,0.062289845,1.0077651739120483,0.062289845,0.9939716458320618,0.062289845,1.0185667276382446,0.16932137,0.9982174038887024,0.1620184,1.025130271911621,0.062289845,1.001248836517334,0.062289845,1.0008063316345215,0.063309975,1.0111831426620483,0.16932137,0.982511579990387,1.0911666025762985,1705017600.0,108
2024-01-15,-0.003058829739286544,0.002481080745849484,0.9761167104076057,1.0066941922361201,0.0024841614288795277,0.090909086,0.04256087,0.0011299464140579589,0.14633591,1.0,0.081555486,1.0233001708984375,0.053833965,1.0030689239501953,0.14633591,0.9964461326599121,0.058973186,1.016825556755066,0.053833965,0.9982143044471741,0.058791768,0.9823241233825684,0.053833965,1.0095372200012207,0.053833965,1.0032190084457397,0.14633591,1.0309840440750122,0.14633591,1.0097166299819946,1.0984710815755783,1705276800.0,109
2024-01-16,-0.0020674455634868845,0.007702032440536403,0.9836638204817658,1.0113972588018938,0.007731770180441355,0.09090909,0.036473785,0.0009936208208575794,0.060938653,1.0,0.1434884,1.0287609100341797,0.10840084,1.0291481018066406,0.09713961,1.0078532695770264,0.052786432,1.0107537508010864,0.067453355,1.0250446796417236,0.052786432,1.0243797302246094,0.1434884,1.0036981105804443,0.07724304,0.9919804930686951,0.052786432,1.0021497011184692,0.1434884,1.0016010999679565,1.1109906407786914,1705363200.0,110
2024-01-17,-0.0023924792022213615,-0.0026828050063104356,0.9810283787601958,0.9958900050683455,-0.002679209773395197,0.0909091,0.039111298,0.0014582359781937252,0.05008445,1.0,0.05008445,1.0355242490768433,0.111930355,1.0,0.09473764,0.9694806337356567,0.13614365,1.002455234527588,0.13447882,0.9930192232131958,0.05008445,0.9660041332244873,0.05008445,0.9930412769317627,0.13614365,0.9963585138320923,0.13614365,0.9957098364830017,0.05008445,1.0031969547271729,1.1064244748759753,1705449600.0,111
2024-01-18,-0.0028279598024946013,-0.003603087470078682,0.9775000076725914,0.9967144294218584,-0.003596604506042378,0.09090909,0.04096564,0.0018878682766710717,0.05995828,1.0,0.11768188,0.9994387626647949,0.05955365,1.0193718671798706,0.05955365,0.9969188570976257,0.05955365,0.999728798866272,0.062423456,0.9912126064300537,0.16083883,0.9900263547897339,0.13085292,0.9736183881759644,0.05955365,0.9918818473815918,0.06814645,1.0064414739608765,0.16188361,0.9952197670936584,1.102789239174387,1705536000.0,112
2024-01-19,-0.0020825821307060037,0.005888726908323291,0.9832732206135456,1.007643374529752,0.005906100148991511,0.0909091,0.037948504,0.000852049736480021,0.054972306,1.0,0.07115414,0.9988768696784973,0.054972306,1.0116970539093018,0.06896553,1.0083982944488525,0.14943023,0.9861144423484802,0.067460366,0.9911348223686218,0.14943023,0.9792644381523132,0.14943023,1.0105838775634766,0.078042574,1.0376455783843994,0.101169825,1.0299248695373535,0.054972306,1.0304368734359741,1.111218270356777,1705622400.0,113
2024-01-22,-0.002867874651317585,-0.006515601353170144,0.976887429860005,0.9950388128107245,-0.006494421509370518,0.09090909,0.039834518,0.0007469435757968782,0.13908088,1.0,0.13908088,0.987040638923645,0.051164992,1.008663535118103,0.052961495,0.9963021874427795,0.051164992,0.9939252734184265,0.10726165,1.0053666830062866,0.13908088,0.9987936615943909,0.13908088,0.9916223287582397,0.051164992,0.9917196035385132,0.078793384,0.9813156127929688,0.051164992,0.9906774163246155,1.105705308509394,1705881600.0,114
2024-01-23,-0.003649962974171542,-0.00657410176440038,0.9704863356028153,0.9971073920076544,-0.006552540304574306,0.09090909,0.03271419,0.0009195083254635039,0.073066525,1.0,0.073066525,1.0017144680023193,0.09501295,1.0014289617538452,0.073066525,0.9739528298377991,0.073066525,0.9980568289756775,0.08596418,1.0053380727767944,0.073066525,0.9588133096694946,0.1820404,0.9919751286506653,0.073066525,1.0190834999084473,0.1255168,1.0021178722381592,0.073066525,1.015700340270996,1.1025069364968207,1705968000.0,115
2024-01-24,-0.0025350879185486964,0.008962759653983821,0.9792236690927578,1.0055752775885842,0.009003046379334467,0.0909091,0.036943328,0.0007533224903918082,0.071048565,1.0,0.09176354,1.0199421644210815,0.071048565,1.0071653127670288,0.19313003,0.9982489943504333,0.08484342,1.0008347034454346,0.071048565,0.9876105785369873,0.071048565,0.9917834401130676,0.13292308,1.0438644886016846,0.071048565,0.9992187023162842,0.071048565,1.0126596689224243,0.071048565,1.0,1.10865371871113,1706054400.0,116
2024-01-25,-0.0027768811333918333,-0.0021060744026721225,0.9771635211520958,0.9983534108508717,-0.002103858398940339,0.09090909,0.038817804,0.0006842889433591771,0.07063732,1.0,0.07063732,1.0,0.07063732,0.9829530119895935,0.15412553,0.9973518252372742,0.07063732,0.9858172535896301,0.07063732,0.9820788502693176,0.086892165,1.0401334762573242,0.07063732,1.0077539682388306,0.07063732,0.9925823211669922,0.07628688,0.991672694683075,0.18823415,1.0015441179275513,1.1068282215277596,1706140800.0,117
2024-01-26,0.0005317641217137662,0.027728904055580657,1.004638360633853,1.0240464860742742,0.028116931186055405,0.090909086,0.0387331,0.0011808930902077936,0.069307625,1.0,0.14321633,1.0273741483688354,0.069307625,1.0130031108856201,0.069307625,1.0793794393539429,0.069307625,1.0315932035446167,0.11392499,1.010948896408081,0.069307625,0.9963243007659912,0.069307625,1.0161921977996826,0.18839765,1.018488883972168,0.069307625,1.0357142686843872,0.069307625,1.0354928970336914,1.1334435509433405,1706227200.0,118
2024-01-29,-0.0009188477024798718,-0.01272307249186299,0.9919372426276483,0.9872294881127097,-0.012642477635625204,0.09090909,0.04200634,0.0012218646265198974,0.10969965,1.0,0.057605654,0.9874916076660156,0.1565884,0.9957161545753479,0.057605654,0.9872531294822693,0.057605654,0.9956264495849609,0.1565884,0.9801443815231323,0.15138811,0.9618887305259705,0.080101594,0.9972125887870789,0.057605654,1.001546859741211,0.057605654,0.9675492644309998,0.057605654,0.985095202922821,1.118968896602446,1706486400.0,119
2024-01-30,0.0013155738938892187,0.019963368532599276,1.0119386366915106,1.0227428024465388,0.020163971271890624,0.0909091,0.03384211,0.0014398129414293127,0.12867789,1.0,0.047337946,1.018173336982727,0.047337946,1.0114624500274658,0.12867789,1.0055657625198364,0.07021774,1.0115361213684082,0.09093788,1.014733076095581,0.07145432,1.047285556793213,0.047337946,1.020776391029358,0.12867789,1.001928448677063,0.11066477,1.0188591480255127,0.12867789,1.0998505353927612,1.144417385161697,1706572800.0,120
2024-01-31,0.002494700785435501,0.010854547581028556,1.022982604058401,1.009747651490298,0.010913672990091605,0.09090909,0.037903175,0.0007600312991291169,0.07290707,1.0,0.06327006,0.9945918321609497,0.06898622,0.9915081858634949,0.116440766,0.9822043180465698,0.06327006,0.9986416697502136,0.10023928,1.0145190954208374,0.17198586,1.0103751420974731,0.06327006,1.0195688009262085,0.06327006,0.9988458752632141,0.06327006,1.0061838626861572,0.15309052,1.0907853841781616,1.1555727669916915,1706659200.0,121
2024-02-01,1.253311332913044e-05,-0.022605086705176473,1.0001173999451776,0.9858886382796548,-0.022351508249027874,0.09090909,0.039993666,0.0011925811025238855,0.1603072,1.0,0.058973722,1.0054376125335693,0.058973722,0.9928603172302246,0.095959775,0.9779177308082581,0.13318674,0.9869489669799805,0.058973722,0.9785330295562744,0.058973722,0.986711859703064,0.058973722,0.979271411895752,0.1603072,1.001927137374878,0.09639676,1.0183963775634766,0.058973722,0.9167705774307251,1.1392660616824917,1706745600.0,122
2024-02-02,-0.0005086369232903549,-0.004906255314310394,0.9952225855693837,0.9947052706371654,-0.004894239792310517,0.09090909,0.04347605,0.0012233082997389498,0.13924722,1.0,0.055555906,0.9821510910987854,0.055555906,1.004305362701416,0.055555906,0.9981235265731812,0.055555906,1.013223648071289,0.075400375,1.0146253108978271,0.055555906,0.980418860912323,0.14998381,1.0027426481246948,0.055555906,0.994612991809845,0.15101662,0.9859390258789062,0.15101662,0.9656155109405518,1.1332339562136204,1706832000.0,123
2024-02-05,-0.0015577880945889648,-0.010002621637167515,0.9853173712430784,0.9912032972682606,-0.00995276279892543,0.0909091,0.041226454,0.0009999944022676397,0.07132978,1.0,0.07132978,0.9653076529502869,0.072499275,0.9885374903678894,0.19389445,1.0165818929672241,0.07132978,0.9910265207290649,0.07132978,0.9981981515884399,0.07419307,0.9831427335739136,0.07132978,0.9956973791122437,0.07132978,0.9965215921401978,0.16010484,0.9653764963150024,0.07132978,1.002846360206604,1.1232652339752962,1707091200.0,124
2024-02-06,-0.0006098995783018941,0.008955870476909931,0.9941813801051329,1.0089506832036106,0.008996095187961295,0.09090909,0.04548203,0.0011681804541911441,0.06891972,1.0,0.07395579,1.0148357152938843,0.18734324,1.014501929283142,0.06891972,1.007065773010254,0.06891972,1.000822901725769,0.06891972,1.0054152011871338,0.06891972,1.0311113595962524,0.06891972,1.0121725797653198,0.06891972,1.0,0.06891972,1.0253190994262695,0.18734324,0.9872129559516907,1.1333192252382387,1707177600.0,125
2024-02-07,-0.0007501664939410914,-0.0013713062368290686,0.9928189871833762,0.9998998750339855,-0.0013703665639086537,0.09090909,0.036625758,0.001181087059567318,0.08344517,1.0,0.091493905,0.9859421253204346,0.06746212,0.998559832572937,0.15050383,1.0043936967849731,0.06746212,1.0139806270599365,0.18029091,1.0143626928329468,0.07135965,1.0049301385879517,0.06746212,0.9767252206802368,0.06746212,0.9965053796768188,0.08559589,1.002061367034912,0.06746212,1.0014375448226929,1.1332057516893281,1707264000.0,126
2024-02-08,-0.000287613009393684,0.0044303926990546475,0.997227323739055,1.0021680268374356,0.004440221845661174,0.09090909,0.041776177,0.0009170974788716033,0.09663857,1.0,0.056850526,1.0068446397781372,0.15453576,0.979977011680603,0.15453576,1.0238949060440063,0.15453576,1.0137879848480225,0.098651,1.0123893022537231,0.056850526,1.031246542930603,0.056850526,0.9571104645729065,0.056850526,0.995717465877533,0.056850526,1.014378547668457,0.056850526,0.9885014295578003,1.135662572171327,1707350400.0,127
2024-02-19,0.000671565247284876,0.009309949411265278,1.0065548124579462,1.0092683922160754,0.00935342273205908,0.09090908,0.042886358,0.0011646312316382732,0.098110825,1.0,0.07291395,1.0045263767242432,0.058310665,1.0233598947525024,0.059626814,1.0297775268554688,0.15850484,1.0034679174423218,0.058310665,0.9895104765892029,0.15850484,1.0998244285583496,0.058310665,0.9813292622566223,0.058310665,0.9964781403541565,0.06059113,0.9736782908439636,0.15850484,1.0,1.146188338315328,1708300800.0,128
2024-02-20,0.0007043095597269572,0.0003452976577090874,1.0069024335244896,0.9953855221921747,0.00034535731411833304,0.090909086,0.041525442,0.0011054112018723029,0.1472041,1.0,0.11996438,0.9802713394165039,0.11350309,0.9272512793540955,0.054153357,0.9876161813735962,0.054153357,1.0002647638320923,0.054153357,1.0017668008804321,0.054153357,1.050784707069397,0.054153357,0.995346188545227,0.1472041,1.0121667385101318,0.054153357,0.9937727451324463,0.1472041,1.0,1.1408992776645837,1708387200.0,129
